<?xml version="1.0" encoding="UTF-8"?>

<mule xmlns:ee="http://www.mulesoft.org/schema/mule/ee/core" xmlns:http="http://www.mulesoft.org/schema/mule/http"
	xmlns="http://www.mulesoft.org/schema/mule/core"
	xmlns:doc="http://www.mulesoft.org/schema/mule/documentation" xmlns:xsi="http://www.w3.org/2001/XMLSchema-instance" xsi:schemaLocation="http://www.mulesoft.org/schema/mule/core http://www.mulesoft.org/schema/mule/core/current/mule.xsd
http://www.mulesoft.org/schema/mule/http http://www.mulesoft.org/schema/mule/http/current/mule-http.xsd
http://www.mulesoft.org/schema/mule/ee/core http://www.mulesoft.org/schema/mule/ee/core/current/mule-ee.xsd">
	<http:listener-config name="HTTP_Listener_config1" doc:name="HTTP Listener config" doc:id="d22dc176-844d-44fe-aa2d-03248f2a6238" >
		<http:listener-connection host="0.0.0.0" port="8082" />
	</http:listener-config>
	<flow name="randomFlow" doc:id="bbcb0983-66fa-426e-9b47-3a7bc5574e19" >
		<http:listener doc:name="Listener" doc:id="1a2ddd8b-0bfb-4aeb-9af2-a34cdeca099e" config-ref="HTTP_Listener_config1" path="/api/random"/>
		<ee:transform doc:name="Transform Message" doc:id="bd920f39-999a-4fa3-a5b9-782619b98173" >
			<ee:message >
				<ee:set-payload ><![CDATA[%dw 2.0
import java!number::RandomNumber

output application/json
---
{
	a : RandomNumber::randomNumber(payload.a,payload.b)
}]]></ee:set-payload>
			</ee:message>
		</ee:transform>
	</flow>
</mule>
